code_insee_commune,axe,x_deb,y_deb,x_fin,y_fin,longueur,code_traficolor
237676517.0,A28,569981.6,6938140.0,568217.6,6935783.5,3035,RO76
733131555.0,A620,572626.2,6284049.5,572552.9,6283075.0,834,TO31
237676517.0,A28,569985.7,6938129.5,568226.06,6935779.0,3042,RO76
723333075.0,A630,414987.7,6427724.5,414042.7,6427039.0,1030,BX33
723333075.0,A630,414969.9,6427708.0,414051.8,6427035.0,1000,BX33
931313055.0,A50,899135.8,6246745.0,899135.8,6246745.0,500,MA13
251414118.0,N814,452324.44,6904883.5,450728.7,6904383.5,1026,CA14
251414118.0,N814,452323.66,6904901.0,450801.1,6904456.5,946,CA14
931313055.0,A50,899135.8,6246745.0,900066.44,6247077.0,506,MA13
826969256.0,A42,848835.0,6523230.0,849757.0,6523618.0,777,LY69
826969256.0,N346,849578.56,6524540.0,849899.7,6523705.0,1211,LY69
524444109.0,N844,357535.62,6693705.0,357535.62,6693705.0,611,NA44
524444109.0,N844,357530.06,6693693.0,357530.06,6693693.0,662,NA44
733131555.0,A620,572623.6,6284050.0,572538.75,6283076.5,829,TO31
733131149.0,N124,563826.6,6280063.5,563826.6,6280063.5,767,TO31
733131149.0,N124,563826.56,6280065.5,563826.56,6280065.5,765,TO31
931313071.0,A7,886681.44,6258795.0,888626.9,6259173.5,3113,MA13
931313071.0,A55,884532.0,6257481.0,884532.0,6257481.0,497,MA13
931313001.0,A51,894862.56,6268104.0,894742.4,6269090.5,493,MA13
931313055.0,A50,900066.44,6247077.0,900066.44,6247077.0,498,MA13
826969256.0,A42,848830.1,6523246.5,848830.1,6523246.5,588,LY69
723333013.0,N230,423310.2,6424567.5,423310.2,6424567.5,663,BX33
723333013.0,N230,423324.0,6424567.5,423324.0,6424567.5,667,BX33
237676498.0,N338,559259.44,6927635.0,559259.44,6927635.0,676,RO76
237676498.0,N338,559246.44,6927653.0,559246.44,6927653.0,683,RO76
723333075.0,A630,415789.1,6427608.0,414987.7,6427724.5,1127,BX33
723333075.0,A630,415787.34,6427594.0,414969.9,6427708.0,1062,BX33
723333013.0,N89,424376.4,6424781.5,423393.62,6424964.5,327,BX33
733131555.0,A620,577495.3,6275251.0,577992.94,6274403.5,991,TO31
931313071.0,A7,886681.44,6258795.0,887683.1,6258877.0,517,MA13
931313055.0,A50,898253.5,6246272.5,898253.5,6246272.5,502,MA13
723333013.0,N89,424376.4,6424781.5,424376.4,6424781.5,390,BX33
251414341.0,N814,456096.03,6899212.5,457958.2,6899602.5,1833,CA14
251414341.0,N814,456088.1,6899187.0,457973.0,6899590.5,1846,CA14
524444172.0,A811,361400.38,6694029.5,361588.72,6692067.0,1707,NA44
524444172.0,A811,361385.2,6694030.0,361572.88,6692070.0,1701,NA44
826969256.0,N346,849578.56,6524540.0,849578.56,6524540.0,748,LY69
826969256.0,A42,849757.0,6523618.0,849585.25,6524570.0,631,LY69
826969256.0,A42,849603.06,6523772.5,849483.75,6524698.0,904,LY69
415454304.0,A31,928971.9,6848317.0,932671.56,6850962.5,4683,NA54
733131149.0,N124,563826.6,6280063.5,562835.75,6280014.0,700,TO31
723333162.0,A630,412495.34,6425798.5,411311.06,6424908.5,642,BX33
733131555.0,A620,572328.94,6281209.0,571969.0,6280289.0,925,TO31
723333162.0,A630,412494.03,6425801.0,411308.4,6424910.0,644,BX33
415454304.0,A31,928961.1,6848395.5,932651.6,6850974.0,4430,NA54
931313071.0,A7,887683.1,6258877.0,887683.1,6258877.0,501,MA13
931313055.0,A50,898253.5,6246272.5,899135.8,6246745.0,502,MA13
733131149.0,N124,563826.56,6280065.5,562835.75,6280016.0,698,TO31
251414271.0,N814,454454.4,6898681.0,456096.03,6899212.5,1346,CA14
524444109.0,N844,359330.3,6692943.5,359330.3,6692943.5,1290,NA44
524444109.0,N844,359318.28,6692932.5,359318.28,6692932.5,828,NA44
524444114.0,A844,352395.0,6694993.0,352395.0,6694993.0,483,NA44
524444114.0,A844,352395.0,6695005.0,353310.0,6695120.0,627,NA44
723333167.0,N230,422504.88,6420039.0,423273.97,6420643.5,688,BX33
826969256.0,A42,848830.1,6523246.5,849603.06,6523772.5,460,LY69
733131555.0,A620,572352.1,6281207.5,571953.56,6280311.5,944,TO31
251414271.0,N814,454470.78,6898672.0,456088.1,6899187.0,1324,CA14
723333167.0,N230,422514.56,6420030.0,423284.94,6420635.5,680,BX33
826969256.0,N346,849573.0,6524500.0,849879.75,6523611.0,627,LY69
733131555.0,A620,570544.9,6278999.5,570741.7,6278044.5,658,TO31
931313117.0,A7,884197.2,6260332.5,884866.3,6259737.5,395,MA13
931313106.0,A517,890190.0,6258680.0,890190.0,6258680.0,117,MA13
733131555.0,A620,572251.94,6275670.5,573217.8,6275883.5,793,TO31
415757463.0,N431,936001.25,6893074.5,933222.25,6889330.0,4905,ME57
251414437.0,N814,458523.6,6900415.5,459059.5,6901238.0,623,CA14
415757463.0,N431,935993.06,6893088.5,933222.25,6889347.5,4903,ME57
723333162.0,A630,413226.44,6426336.5,412495.34,6425798.5,1037,BX33
723333162.0,A630,413225.16,6426338.0,412494.03,6425801.0,1040,BX33
733131555.0,A620,570736.7,6278043.5,571124.7,6277142.0,805,TO31
733131555.0,A620,575906.44,6276048.5,575906.44,6276048.5,512,TO31
733131555.0,A620,575904.6,6276051.5,575904.6,6276051.5,513,TO31
733131555.0,A620,570741.7,6278044.5,571128.7,6277144.5,804,TO31
733131555.0,A620,570533.9,6279000.5,570736.7,6278043.5,661,TO31
733131149.0,N124,564850.6,6280070.5,563826.56,6280065.5,752,TO31
931313071.0,A7,884866.3,6259737.5,884866.3,6259737.5,635,MA13
733131555.0,A620,575906.44,6276048.5,576754.94,6275925.5,658,TO31
931313055.0,A50,897288.5,6246023.0,898253.5,6246272.5,491,MA13
733131149.0,N124,564850.0,6280067.5,563826.6,6280063.5,749,TO31
524444109.0,N844,359330.3,6692943.5,360138.0,6692362.5,805,NA44
524444109.0,N844,359318.28,6692932.5,361156.38,6691475.0,1553,NA44
415757552.0,N431,933222.25,6889347.5,927664.0,6886368.0,6304,ME57
415757552.0,N431,933222.25,6889330.0,927668.0,6886353.0,6307,ME57
733131555.0,A620,575904.6,6276051.5,576756.25,6275927.0,673,TO31
723333065.0,N230,421766.97,6419422.5,421766.97,6419422.5,650,BX33
723333065.0,N230,421754.22,6419426.0,421754.22,6419426.0,652,BX33
733131555.0,A620,576754.94,6275925.5,577492.3,6275248.5,772,TO31
733131555.0,A620,576756.25,6275927.0,577495.3,6275251.0,780,TO31
723333448.0,A62,420998.0,6408901.0,422592.0,6406409.0,3820,BX33
723333448.0,A62,420987.0,6408896.0,422582.0,6406401.0,3820,BX33
931313055.0,A50,896301.56,6245869.0,896301.56,6245869.0,499,MA13
723333318.0,A630,410548.2,6418349.5,411230.72,6417593.5,810,BX33
733131555.0,A624,568211.4,6280230.5,568211.4,6280230.5,536,TO31
251414137.0,N13,449397.1,6904701.5,445595.12,6905883.5,4004,CA14
251414587.0,N13,449398.22,6904704.5,445596.97,6905886.5,4003,CA14
723333318.0,A630,410550.84,6418351.5,411234.62,6417595.0,802,BX33
733131555.0,A620,571532.25,6276215.5,571532.25,6276215.5,497,TO31
723333090.0,A63,409014.5,6413696.0,407488.06,6412417.5,2005,BX33
723333090.0,A63,409031.3,6413676.0,407505.47,6412397.5,1305,BX33
733131555.0,A620,572258.44,6275650.5,573220.9,6275857.5,793,TO31
723333065.0,N230,421469.62,6418524.0,421766.97,6419422.5,645,BX33
733131555.0,A624,568208.2,6280216.5,568208.2,6280216.5,524,TO31
524444172.0,N844,361174.47,6691485.5,361174.47,6691485.5,1004,NA44
524444172.0,N844,361156.38,6691475.0,361156.38,6691475.0,726,NA44
733131555.0,A620,577492.3,6275248.5,577973.56,6274403.5,985,TO31
733131555.0,A620,571528.94,6276214.5,571528.94,6276214.5,496,TO31
723333065.0,N230,421461.62,6418533.5,421754.22,6419426.0,628,BX33
251414036.0,A13,462524.44,6901389.0,459533.3,6901505.5,2651,CA14
931313071.0,A55,888130.0,6255316.0,888130.0,6255316.0,413,MA13
931313055.0,A50,895311.94,6245775.0,895311.94,6245775.0,501,MA13
237676319.0,A13,553853.6,6917303.0,549907.0,6917692.5,3505,RO76
237676319.0,A13,555830.7,6917327.5,550897.9,6917473.5,4508,RO76
251414036.0,A13,462524.44,6901398.0,459532.3,6901522.0,2665,CA14
931313106.0,A51,890524.0,6257870.0,890905.4,6258781.0,575,MA13
251414587.0,N13,450859.7,6904431.0,449397.1,6904701.5,1492,CA14
251414587.0,N13,450859.44,6904433.0,449398.22,6904704.5,1613,CA14
931313071.0,A7,889590.3,6258994.5,890367.06,6258436.0,491,MA13
723333039.0,N230,420744.0,6417841.0,421469.62,6418524.0,1520,BX33
723333039.0,N230,420735.0,6417845.0,421461.62,6418533.5,1528,BX33
723333080.0,A62,419568.0,6412608.0,419901.0,6411672.0,3406,BX33
723333080.0,A62,419557.0,6412605.0,419890.0,6411668.0,3406,BX33
931313071.0,A551,885795.0,6259010.0,885795.0,6259010.0,511,MA13
723333080.0,A62,419901.0,6411672.0,420998.0,6408901.0,2931,BX33
723333080.0,A62,419890.0,6411668.0,420987.0,6408896.0,2931,BX33
931313055.0,A507,896765.7,6248925.5,896886.9,6247926.5,801,MA13
733131555.0,A620,572552.9,6283075.0,572423.8,6282116.5,728,TO31
251414118.0,N814,454240.56,6905173.5,453328.44,6904829.0,793,CA14
931313005.0,A501,907573.9,6247154.0,907573.9,6247154.0,501,MA13
251414118.0,N814,454248.44,6905165.0,453326.84,6904811.0,802,CA14
931313055.0,A55,888943.0,6254723.0,888130.0,6255316.0,496,MA13
251414437.0,N814,458580.3,6902285.0,457751.62,6902910.0,1204,CA14
251414437.0,N814,458568.25,6902272.0,457738.9,6902904.5,1207,CA14
931313055.0,A50,895311.94,6245775.0,896301.56,6245869.0,505,MA13
931313071.0,A7,888626.9,6259173.5,890367.06,6258436.0,2593,MA13
931313055.0,A507,896886.9,6247926.5,896886.9,6247926.5,625,MA13
733131555.0,A620,572420.6,6282117.5,572328.94,6281209.0,667,TO31
251414327.0,N814,456772.72,6904610.0,456060.03,6905293.0,1832,CA14
251414101.0,N814,450130.3,6902988.5,449986.56,6902045.0,1360,CA14
251414101.0,N814,450112.53,6902997.5,449966.97,6902044.5,1371,CA14
733131555.0,A620,572538.75,6283076.5,572420.6,6282117.5,719,TO31
931313005.0,A501,908173.2,6247945.0,908173.2,6247945.0,17,MA13
931313055.0,A50,895311.94,6245775.0,895311.94,6245775.0,501,MA13
237676705.0,A13,561125.06,6915962.5,557740.75,6917798.5,3518,RO76
931313071.0,A55,888130.0,6255316.0,887735.0,6256224.0,490,MA13
237676484.0,A13,560348.5,6916646.5,558761.44,6917696.0,1950,RO76
931313055.0,A507,896886.9,6247926.5,896832.7,6246926.5,335,MA13
251414543.0,N13,445595.12,6905883.5,442925.03,6907527.5,3009,CA14
824242044.0,N88,805676.7,6478383.5,803735.8,6477995.5,1692,ST42
251414543.0,N13,445596.97,6905886.5,442935.62,6907541.0,3006,CA14
931313005.0,A502,909099.0,6246116.0,910038.0,6246182.0,455,MA13
931313071.0,A51,891670.75,6260549.0,891670.75,6260549.0,249,MA13
931313071.0,A55,886373.0,6257623.0,886373.0,6257623.0,502,MA13
931313055.0,A507,896886.9,6247926.5,896832.7,6246926.5,1591,MA13
931313071.0,A7,887683.1,6258877.0,888626.9,6259173.5,501,MA13
524444020.0,N844,353741.66,6684109.0,352857.3,6684553.5,496,NA44
524444020.0,N844,353726.9,6684099.0,352848.34,6684539.5,637,NA44
931313106.0,A7,890575.56,6257459.0,890575.56,6257459.0,501,MA13
723333039.0,A631,420617.1,6417596.0,420617.1,6417596.0,345,BX33
723333122.0,A63,405197.75,6410508.5,403194.47,6408303.5,2163,BX33
723333122.0,A63,405188.0,6410534.5,403174.47,6408319.5,2163,BX33
251414181.0,N814,457973.0,6899590.5,458523.6,6900415.5,1592,CA14
251414181.0,N814,457958.2,6899602.5,458507.72,6900426.0,1591,CA14
931313005.0,A502,910038.0,6246182.0,910038.0,6246182.0,486,MA13
931313071.0,A55,887058.0,6256891.0,886373.0,6257623.0,520,MA13
524444143.0,N844,357367.9,6683557.5,356487.03,6683132.5,920,NA44
524444143.0,N844,357378.12,6683550.0,356486.34,6683115.5,903,NA44
931313106.0,A51,891502.3,6259562.0,891670.75,6260549.0,546,MA13
931313055.0,A507,896832.7,6246926.5,897034.6,6245983.5,620,MA13
931313071.0,A7,888626.9,6259173.5,888626.9,6259173.5,502,MA13
237676540.0,A150,559082.7,6929701.0,558438.3,6930448.0,975,RO76
237676540.0,A150,559074.75,6929696.0,558408.3,6930437.0,998,RO76
931313106.0,A7,890575.56,6257459.0,890667.1,6256473.0,498,MA13
251414271.0,N814,452696.38,6898315.0,454470.78,6898672.0,1965,CA14
251414271.0,N814,452700.97,6898333.0,454454.4,6898681.0,1949,CA14
733131555.0,A620,572857.75,6284994.0,572857.75,6284994.0,613,TO31
733131555.0,A620,572866.6,6284985.5,572866.6,6284985.5,500,TO31
524444190.0,N844,360145.53,6686361.5,359460.1,6685647.0,952,NA44
931313106.0,A51,891502.3,6259562.0,891502.3,6259562.0,453,MA13
524444215.0,N844,359447.78,6685659.5,359447.78,6685659.5,720,NA44
931313071.0,A7,888626.9,6259173.5,889590.3,6258994.5,489,MA13
251414101.0,N814,449966.97,6902044.5,450585.4,6900271.0,2150,CA14
251414101.0,N814,449986.56,6902045.0,450596.53,6900280.5,2144,CA14
524444035.0,N844,356572.88,6693959.5,356572.88,6693959.5,742,NA44
524444035.0,N844,356565.84,6693947.5,356565.84,6693947.5,804,NA44
733131555.0,A68,578505.06,6283834.5,579428.94,6284189.5,975,TO31
931313071.0,A552,886774.0,6258786.0,886774.0,6258786.0,502,MA13
733131555.0,A68,578504.06,6283853.0,579415.7,6284246.0,974,TO31
931313005.0,A501,907116.94,6246706.0,907116.94,6246706.0,520,MA13
931313106.0,A51,890905.4,6258781.0,891502.3,6259562.0,498,MA13
251414437.0,N814,457751.62,6902910.0,456772.72,6904610.0,1374,CA14
733131555.0,A64,571151.3,6273606.5,571718.9,6274432.0,1096,TO31
733131555.0,A64,571130.9,6273620.5,571693.3,6274451.0,1101,TO31
931313071.0,A7,889590.3,6258994.5,889590.3,6258994.5,499,MA13
251414437.0,N814,457738.9,6902904.5,456753.12,6904598.0,1376,CA14
931313106.0,A7,890385.0,6258442.0,890575.56,6257459.0,530,MA13
415757672.0,A31,925640.9,6921812.5,925822.25,6929893.5,8124,ME57
251414118.0,N814,452323.66,6904901.0,452323.66,6904901.0,695,CA14
251414118.0,N814,452324.44,6904883.5,452324.44,6904883.5,696,CA14
931313005.0,A501,907573.9,6247154.0,907573.9,6247154.0,501,MA13
931313005.0,A50,906908.8,6246589.5,907851.6,6246673.0,551,MA13
931313055.0,A55,890526.0,6251725.0,890526.0,6251725.0,499,MA13
931313055.0,A7,891335.5,6255766.5,891335.5,6255766.5,501,MA13
733131555.0,A624,571112.0,6279802.0,571112.0,6279802.0,577,TO31
723333090.0,A63,410668.1,6414789.0,409031.3,6413676.0,1495,BX33
723333090.0,A63,410653.56,6414812.0,409014.5,6413696.0,1495,BX33
733131555.0,A624,571112.0,6279802.0,571112.0,6279802.0,240,TO31
415757303.0,A31,931245.9,6906492.5,931535.2,6908431.5,2816,ME57
415757303.0,A31,931269.94,6906492.5,931559.7,6908428.5,2813,ME57
931313055.0,A7,890643.2,6256469.0,891406.8,6254783.5,2196,MA13
723333281.0,A630,409543.16,6421874.5,409596.62,6421036.0,985,BX33
524444162.0,N165,349027.47,6694298.0,346680.06,6694202.5,3139,NA44
931313005.0,A50,907851.6,6246673.0,907851.6,6246673.0,485,MA13
524444162.0,N165,349025.97,6694312.5,345739.22,6694526.0,3519,NA44
931313019.0,A51,892418.06,6261242.5,892418.06,6261242.5,591,MA13
931313055.0,A55,891016.0,6250934.0,890526.0,6251725.0,499,MA13
931313055.0,A7,891406.8,6254783.5,891406.8,6254783.5,591,MA13
733131555.0,A620,572866.6,6284985.5,572626.2,6284049.5,591,TO31
733131555.0,A620,572857.75,6284994.0,572623.6,6284050.0,493,TO31
748787020.0,A20,568741.56,6539278.5,567595.56,6534386.5,5154,LI87
524444109.0,N137,353603.38,6694736.0,352974.97,6695928.5,2041,NA44
237676322.0,N338,557477.5,6924842.0,558049.6,6925669.0,995,RO76
237676322.0,N338,557496.3,6924835.0,558062.6,6925662.5,994,RO76
748787020.0,A20,568750.25,6539263.0,567611.94,6534378.5,5149,LI87
524444114.0,N137,353584.25,6694727.5,352961.47,6695924.0,2040,NA44
524444162.0,N844,350036.16,6689455.5,350405.66,6690381.5,549,NA44
524444162.0,N844,350048.25,6689451.5,350419.4,6690380.0,458,NA44
931313005.0,A50,907851.6,6246673.0,908764.75,6246268.5,519,MA13
524444109.0,N137,352974.97,6695928.5,349938.53,6699802.5,5003,NA44
931313071.0,A51,891670.75,6260549.0,892418.06,6261242.5,496,MA13
931313055.0,A55,890210.0,6252651.0,890210.0,6252651.0,497,MA13
733131555.0,A624,571112.0,6279802.0,570011.25,6280054.5,403,TO31
524444215.0,N844,358791.97,6684911.0,357367.9,6683557.5,1338,NA44
524444215.0,N844,358803.72,6684902.0,357378.12,6683550.0,1236,NA44
723333281.0,A630,409896.88,6422767.0,409539.47,6421875.5,945,BX33
931313106.0,A7,890544.1,6257460.0,890643.2,6256469.0,507,MA13
931313005.0,A50,904956.9,6246151.5,905938.0,6246354.5,502,MA13
524444162.0,N844,350405.66,6690381.5,350433.8,6691356.0,407,NA44
524444162.0,N844,350419.4,6690380.0,350446.22,6691359.0,459,NA44
931313005.0,A50,908764.75,6246268.5,908764.75,6246268.5,204,MA13
931313071.0,A51,891670.75,6260549.0,891670.75,6260549.0,10,MA13
931313055.0,A55,890526.0,6251725.0,890210.0,6252651.0,494,MA13
733131555.0,A624,571192.44,6279836.5,571192.44,6279836.5,765,TO31
524444215.0,N844,359460.1,6685647.0,358803.72,6684902.0,1099,NA44
748787085.0,A20,566508.94,6528314.0,566843.9,6527612.0,1374,LI87
524444215.0,N844,359447.78,6685659.5,358791.97,6684911.0,923,NA44
931313055.0,A7,890643.2,6256469.0,890643.2,6256469.0,249,MA13
524444162.0,N844,350433.8,6691356.0,350392.38,6692305.5,478,NA44
524444162.0,N844,350446.22,6691359.0,350401.9,6692299.5,488,NA44
931313055.0,A7,891610.1,6253795.0,892126.75,6252957.0,500,MA13
733131555.0,A624,569998.4,6280040.0,569156.94,6280499.0,743,TO31
524444190.0,N844,360727.66,6688201.5,360654.66,6687215.5,1749,NA44
524444009.0,N844,361114.06,6688991.5,360665.56,6687206.0,1575,NA44
237676517.0,A28,568217.6,6935783.5,565992.8,6933939.5,2494,RO76
824242044.0,N88,805675.06,6478391.5,803733.6,6478003.5,1692,ST42
931313055.0,A50,903970.3,6246203.5,904956.9,6246151.5,496,MA13
415454197.0,A33,935922.0,6840105.0,940919.0,6840363.0,4905,NA54
237676517.0,A28,568226.06,6935779.0,565994.06,6933930.5,2500,RO76
415454328.0,A33,934375.0,6841202.0,940917.0,6840376.0,7446,NA54
723333550.0,A630,419781.44,6415500.0,419781.44,6415500.0,688,BX33
723333550.0,A630,419780.12,6415501.0,419780.12,6415501.0,741,BX33
733131555.0,A624,570011.25,6280054.5,569155.75,6280522.0,741,TO31
931313015.0,A51,893314.8,6261677.0,893987.75,6262363.5,1174,MA13
931313055.0,A55,890361.0,6253549.0,890361.0,6253549.0,505,MA13
931313055.0,A7,892126.75,6252957.0,892722.9,6252173.5,1494,MA13
237676484.0,A139,557767.4,6917843.0,557214.25,6919545.5,3097,RO76
237676484.0,A139,557794.1,6917881.0,557259.0,6919534.0,2697,RO76
733131555.0,A624,571192.44,6279836.5,569998.4,6280040.0,416,TO31
931313005.0,A50,904956.9,6246151.5,904956.9,6246151.5,500,MA13
415454304.0,A33,929583.0,6848798.0,931213.0,6843102.0,6318,NA54
237676410.0,A150,557228.7,6932008.0,556426.2,6932611.0,1723,RO76
415454357.0,A33,929660.0,6848852.0,931224.0,6843110.0,6394,NA54
237676410.0,A150,557252.5,6932021.5,556442.9,6932625.5,1724,RO76
931313015.0,A51,893987.75,6262363.5,894048.44,6263358.5,506,MA13
524444114.0,A844,351422.0,6694807.0,351422.0,6694807.0,199,NA44
524444114.0,A844,351425.0,6694795.0,351425.0,6694795.0,311,NA44
733131555.0,N124,567272.75,6280268.0,566737.0,6280038.0,962,TO31
931313005.0,A50,905938.0,6246354.5,906908.8,6246589.5,911,MA13
733131555.0,N124,567274.8,6280258.0,566738.06,6280029.5,957,TO31
931313055.0,A7,891406.8,6254783.5,891610.1,6253795.0,609,MA13
723333550.0,A630,419781.44,6415500.0,420145.34,6416787.5,690,BX33
723333550.0,A630,419780.12,6415501.0,420142.7,6416788.5,646,BX33
415454167.0,A31,914866.5,6845209.0,919104.0,6847351.5,4785,NA54
931313055.0,A50,902996.8,6246434.5,903970.3,6246203.5,492,MA13
524444114.0,A844,351422.0,6694807.0,351422.0,6694807.0,498,NA44
524444114.0,A844,351425.0,6694795.0,351425.0,6694795.0,502,NA44
931313005.0,A50,906908.8,6246589.5,906908.8,6246589.5,430,MA13
931313055.0,A7,891610.1,6253795.0,891610.1,6253795.0,496,MA13
415454357.0,A31,932651.6,6850974.0,931824.8,6855231.5,4814,NA54
524444009.0,N249,362593.12,6690058.5,364871.0,6685909.0,5012,NA44
723333550.0,A630,419780.12,6415501.0,419780.12,6415501.0,567,BX33
723333550.0,A630,419781.44,6415500.0,419781.44,6415500.0,566,BX33
415454357.0,A31,932671.56,6850962.5,931848.1,6855250.0,4799,NA54
931313055.0,A50,903970.3,6246203.5,903970.3,6246203.5,502,MA13
723333162.0,A630,411308.4,6424910.0,410798.47,6424325.0,668,BX33
913434184.0,A75,735866.2,6267714.5,734988.94,6262948.5,5000,DIRMC
723333162.0,A630,411311.06,6424908.5,410801.12,6424324.0,665,BX33
931313055.0,A7,892869.9,6251189.5,892869.9,6251189.5,499,MA13
913434184.0,A75,735883.3,6267717.0,735006.0,6262945.5,5007,DIRMC
824242218.0,A72,811947.7,6482791.5,811947.7,6482791.5,480,ST42
824242218.0,A72,811902.7,6482740.5,811902.7,6482740.5,489,ST42
237676728.0,A150,555086.06,6934028.0,554765.3,6934982.5,1313,RO76
237676728.0,A150,555062.8,6934027.5,554740.5,6934988.0,1306,RO76
733131555.0,A620,574071.9,6276419.5,574943.4,6276087.0,674,TO31
733131555.0,A621,571470.44,6281894.0,570546.8,6281568.0,817,TO31
524444114.0,A844,351425.0,6694795.0,352395.0,6694993.0,630,NA44
524444114.0,A844,351422.0,6694807.0,352395.0,6695005.0,603,NA44
415454232.0,A31,919104.0,6847351.5,928971.9,6848317.0,10061,NA54
415454232.0,A31,919102.56,6847371.5,928961.1,6848395.5,10058,NA54
723333550.0,A630,417978.03,6415158.5,418514.06,6415069.5,689,BX33
723333550.0,A630,417978.8,6415161.5,418513.28,6415072.5,685,BX33
913434199.0,A75,735006.0,6262945.5,730825.3,6257354.5,8074,DIRMC
824242218.0,N488,812804.9,6482889.0,812804.9,6482889.0,400,ST42
723333550.0,A62,418863.3,6415162.5,418863.3,6415162.5,782,BX33
913434199.0,A75,734988.94,6262948.5,730814.56,6257368.0,8068,DIRMC
931313055.0,A7,892869.9,6251189.5,892980.06,6250204.0,493,MA13
824242218.0,N88,813354.9,6483090.0,812417.1,6482965.0,601,ST42
824242218.0,N488,812662.0,6482901.5,812662.0,6482901.5,399,ST42
824242218.0,N88,813360.3,6483079.5,812429.25,6482950.5,592,ST42
524444172.0,N844,361156.38,6691475.0,361673.2,6689826.0,748,NA44
237676594.0,A150,554765.3,6934982.5,553938.44,6936805.0,1530,RO76
237676541.0,A151,554423.0,6935907.0,554498.3,6936658.0,1314,RO76
237676594.0,A150,554740.5,6934988.0,553919.56,6936799.0,1523,RO76
733131149.0,N124,565808.1,6279947.5,564850.0,6280067.5,754,TO31
733131149.0,N124,565817.2,6279966.0,564850.6,6280070.5,755,TO31
524444172.0,N844,361174.47,6691485.5,361684.6,6689815.5,837,NA44
931313015.0,A51,894044.4,6264355.5,894566.25,6265183.0,493,MA13
723333550.0,A62,418888.9,6415116.0,418888.9,6415116.0,415,BX33
931313055.0,A50,902023.4,6246669.5,902996.8,6246434.5,2029,MA13
415454060.0,A31,928623.06,6861327.0,927914.7,6874605.5,14233,NA54
415454060.0,A31,928597.56,6861320.0,927888.7,6874607.5,14255,NA54
913434300.0,A75,724946.25,6253747.0,723282.94,6249528.5,6365,DIRMC
251414327.0,N814,456060.03,6905293.0,454240.56,6905173.5,1576,CA14
251414327.0,N814,456047.1,6905275.0,454248.44,6905165.0,1553,CA14
931313055.0,A50,902023.4,6246669.5,902996.8,6246434.5,502,MA13
733131555.0,A620,574943.4,6276087.0,574943.4,6276087.0,669,TO31
931313055.0,A55,892215.0,6248828.0,891883.0,6249272.0,120,MA13
237676497.0,N338,558165.0,6921333.0,558253.06,6922313.5,1375,RO76
733131555.0,A620,574945.8,6276091.0,574945.8,6276091.0,670,TO31
237676497.0,N338,558104.0,6921359.0,558253.3,6922313.0,1355,RO76
913434300.0,A75,724935.1,6253760.0,723247.4,6249470.5,6384,DIRMC
415454528.0,A31,912261.5,6843084.0,914849.56,6845217.0,4127,NA54
415757226.0,A30,916799.3,6921048.0,911901.44,6927511.0,8532,ME57
931313117.0,A7,884197.2,6260332.5,884866.3,6259737.5,395,MA13
415757226.0,A30,916784.2,6921042.0,911883.5,6927502.5,8530,ME57
733131555.0,A621,571463.6,6281905.0,570544.94,6281580.5,532,TO31
733131555.0,A620,574066.4,6276431.5,574945.8,6276091.0,689,TO31
733131069.0,A621,569695.9,6282012.0,569695.9,6282012.0,460,TO31
415757343.0,A31,931566.7,6919099.0,929876.5,6921135.5,3301,ME57
415757343.0,A31,931542.25,6919098.5,929874.44,6921116.5,3275,ME57
415454090.0,A31,931824.8,6855231.5,930951.94,6856973.0,2474,NA54
723333550.0,A630,418514.06,6415069.5,419781.44,6415500.0,760,BX33
931313015.0,A51,894048.44,6263358.5,894044.4,6264355.5,501,MA13
415454090.0,A31,931848.1,6855250.0,930984.75,6856974.0,2480,NA54
723333013.0,N230,423183.12,6423583.5,423324.0,6424567.5,947,BX33
723333013.0,N230,423305.56,6422600.0,423310.2,6424567.5,1072,BX33
237676497.0,N138,558025.0,6921088.0,558508.0,6922040.0,842,RO76
931313055.0,A50,901052.3,6246903.0,902023.4,6246669.5,497,MA13
415757463.0,A31,931227.25,6896998.0,932345.9,6898548.5,2194,ME57
415757463.0,A31,931214.1,6897012.5,932313.6,6898550.0,2182,ME57
237676497.0,N138,557533.0,6920140.0,558025.0,6921088.0,1074,RO76
524444026.0,A811,361559.62,6696016.0,361400.38,6694029.5,1956,NA44
237676497.0,N138,557513.0,6920167.0,557988.0,6921126.0,1076,RO76
524444026.0,A811,361541.28,6696022.0,361385.2,6694030.0,1961,NA44
251414254.0,N814,450596.53,6900280.5,452700.97,6898333.0,2894,CA14
251414254.0,N814,450585.4,6900271.0,452696.38,6898315.0,2901,CA14
723333063.0,A630,419806.2,6426639.5,418868.22,6426970.5,760,BX33
723333063.0,A630,419809.1,6426649.0,418873.7,6426982.5,765,BX33
237676319.0,N138,556329.0,6918511.0,557513.0,6920167.0,1356,RO76
237676319.0,N138,556333.0,6918503.0,557533.0,6920140.0,1376,RO76
524444020.0,N844,351479.1,6685600.5,351027.4,6685801.0,107,NA44
524444020.0,N844,351492.62,6685611.0,351038.84,6685813.5,403,NA44
415757433.0,A31,931384.4,6904487.0,931245.9,6906492.5,1783,ME57
931313055.0,A50,902023.4,6246669.5,902023.4,6246669.5,499,MA13
415757433.0,A31,931408.6,6904488.5,931269.94,6906492.5,1788,ME57
931313055.0,A55,891883.0,6249272.0,891883.0,6249272.0,500,MA13
251414587.0,N814,450801.1,6904456.5,450379.78,6903953.5,1456,CA14
251414587.0,N814,450728.7,6904383.5,450401.75,6903949.0,1100,CA14
723333281.0,A630,409711.9,6419884.5,409939.0,6418927.0,689,BX33
723333281.0,A630,409715.88,6419885.5,409958.06,6418940.5,677,BX33
931313055.0,A7,892980.06,6250204.0,892980.06,6250204.0,500,MA13
723333167.0,N230,423407.3,6421573.5,423305.56,6422600.0,912,BX33
237676319.0,N138,554419.0,6917554.0,555522.5,6917911.5,1689,RO76
237676319.0,N138,554419.0,6917563.0,555520.5,6917919.5,1684,RO76
931313055.0,A55,891016.0,6250934.0,891016.0,6250934.0,501,MA13
524444020.0,N844,351027.4,6685801.0,351027.4,6685801.0,704,NA44
524444020.0,N844,351038.84,6685813.5,351038.84,6685813.5,708,NA44
733131555.0,A620,572352.1,6281207.5,572352.1,6281207.5,838,TO31
931313055.0,A50,900066.44,6247077.0,901052.3,6246903.0,505,MA13
931313015.0,A51,894867.0,6266119.5,894867.0,6266119.5,501,MA13
415757356.0,A31,925822.25,6929893.5,926256.0,6934818.0,4191,ME57
251414623.0,N158,457153.78,6896935.5,456552.0,6898787.0,2140,CA14
251414623.0,N158,457169.84,6896939.5,456566.1,6898789.5,2136,CA14
415757356.0,A31,925842.4,6929887.0,926268.0,6934824.0,4199,ME57
723333063.0,A630,418868.22,6426970.5,418245.84,6427222.0,730,BX33
723333063.0,A630,420758.3,6426337.0,419806.2,6426639.5,406,BX33
723333063.0,A630,418873.7,6426982.5,418249.56,6427235.0,860,BX33
723333063.0,A630,420761.22,6426346.0,419809.1,6426649.0,274,BX33
415454150.0,A31,930984.75,6856974.0,928623.06,6861327.0,5883,NA54
723333249.0,N230,423135.28,6425542.0,422823.8,6426489.0,595,BX33
723333249.0,N230,423122.25,6425538.0,423035.0,6426861.5,880,BX33
237676157.0,A150,557785.2,6931212.5,557228.7,6932008.0,1106,RO76
237676157.0,A150,557810.4,6931226.0,557252.5,6932021.5,1120,RO76
733131555.0,A620,572328.94,6281209.0,572328.94,6281209.0,839,TO31
931313055.0,A55,891646.0,6250178.0,891646.0,6250178.0,503,MA13
931313055.0,A50,901052.3,6246903.0,901052.3,6246903.0,502,MA13
723333167.0,N230,423420.25,6421577.0,423318.75,6422603.5,917,BX33
931313015.0,A51,894566.25,6265183.0,894867.0,6266119.5,508,MA13
723333318.0,A630,412498.6,6416469.0,413525.66,6416555.5,907,BX33
415454150.0,A31,930951.94,6856973.0,928597.56,6861320.0,5893,NA54
237676503.0,A151,555178.6,6937404.0,556451.1,6938916.0,2457,RO76
237676503.0,A151,555184.6,6937394.0,556457.94,6938906.0,2451,RO76
723333318.0,A63,412830.66,6416491.0,412830.66,6416491.0,685,BX33
237676108.0,N28,564815.44,6932096.5,565081.3,6933260.5,1019,RO76
237676108.0,N28,564822.3,6932085.0,565083.44,6933241.0,1017,RO76
931313071.0,A7,886686.06,6258819.5,886686.06,6258819.5,498,MA13
733131555.0,A64,571693.3,6274451.0,572177.0,6275300.5,1099,TO31
733131555.0,A64,571718.9,6274432.0,572244.44,6275259.5,890,TO31
931313055.0,A50,898254.6,6246268.5,899136.1,6246741.0,504,MA13
251414738.0,A84,446610.28,6900874.0,449488.4,6901520.0,3564,CA14
524444009.0,N249,362196.94,6690391.0,362593.12,6690058.5,665,NA44
524444009.0,N249,362199.16,6690400.0,362602.78,6690066.0,1168,NA44
931313055.0,A50,899136.1,6246741.0,899136.1,6246741.0,499,MA13
251414738.0,A84,446605.5,6900890.5,449485.6,6901539.0,3571,CA14
723333318.0,A63,412869.28,6416508.0,412424.34,6415734.5,1388,BX33
723333318.0,A63,412830.66,6416491.0,412408.56,6415755.5,1388,BX33
931313071.0,A7,886686.06,6258819.5,887667.9,6258900.5,498,MA13
237676540.0,N28,562586.0,6927820.0,562995.94,6928131.0,627,RO76
931313055.0,A50,899136.1,6246741.0,900066.7,6247073.0,498,MA13
237676540.0,N28,562579.0,6927827.0,562995.0,6928148.5,621,RO76
723333013.0,N230,423310.2,6424567.5,423122.25,6425538.0,1188,BX33
723333013.0,N230,423324.0,6424567.5,423135.28,6425542.0,1169,BX33
826969091.0,A47,836392.5,6499881.5,835531.7,6499384.0,769,ST42
237676498.0,N338,558643.1,6926645.5,559246.44,6927653.0,513,RO76
237676498.0,N338,558660.44,6926639.0,559259.44,6927635.0,510,RO76
826969091.0,A47,836387.6,6499891.5,835524.7,6499392.5,767,ST42
723333162.0,A630,410801.12,6424324.0,410392.3,6423622.0,1052,BX33
931313071.0,A7,887667.9,6258900.5,887667.9,6258900.5,501,MA13
931313055.0,A50,897290.0,6246017.5,898254.6,6246268.5,502,MA13
931313071.0,A55,884532.0,6257481.0,884532.0,6257481.0,497,MA13
524444114.0,N844,350626.9,6694254.0,350626.9,6694254.0,860,NA44
237676498.0,N338,558660.44,6926639.0,558660.44,6926639.0,830,RO76
931313001.0,A51,894831.94,6268116.5,894711.5,6269112.0,502,MA13
237676498.0,N338,558643.1,6926645.5,558643.1,6926645.5,833,RO76
723333249.0,A630,422479.7,6426786.5,422479.7,6426786.5,418,BX33
723333249.0,A630,422479.5,6426797.0,422479.5,6426797.0,700,BX33
251414101.0,N814,450401.75,6903949.0,450130.3,6902988.5,822,CA14
237676212.0,N28,565437.56,6929966.5,564943.25,6930978.5,936,RO76
237676212.0,N28,565427.5,6929973.0,564930.56,6930977.5,906,RO76
723333281.0,A630,409539.47,6421875.5,409711.9,6419884.5,896,BX33
723333281.0,A630,409596.62,6421036.0,409715.88,6419885.5,779,BX33
251414101.0,N814,450379.78,6903953.5,450112.53,6902997.5,818,CA14
931313071.0,A7,887667.9,6258900.5,888626.3,6259205.0,508,MA13
931313055.0,A50,898254.6,6246268.5,898254.6,6246268.5,504,MA13
237676322.0,N338,557105.9,6923913.5,557477.5,6924842.0,948,RO76
723333122.0,A63,403194.47,6408303.5,399474.03,6405016.5,3562,BX33
237676322.0,N338,557105.9,6923913.5,557496.3,6924835.0,942,RO76
723333122.0,A63,403174.47,6408319.5,399460.53,6405039.5,3591,BX33
524444162.0,N844,350673.5,6693258.5,350673.5,6693258.5,399,NA44
836363404.0,A75,718757.25,6497319.0,720050.4,6492405.0,6562,DIRMC
836363404.0,A75,718741.2,6497315.5,720037.94,6492413.5,6555,DIRMC
931313071.0,A7,884866.3,6259737.5,884866.3,6259737.5,635,MA13
824242330.0,A72,805515.9,6487492.0,803677.25,6488278.0,1697,ST42
824242330.0,A72,805521.1,6487504.5,803684.0,6488292.0,1696,ST42
723333039.0,A630,420142.7,6416788.5,420142.7,6416788.5,617,BX33
723333039.0,A630,420145.34,6416787.5,420145.34,6416787.5,597,BX33
415757647.0,A30,924807.0,6917280.5,916799.3,6921048.0,9756,ME57
415757647.0,A30,924799.3,6917260.5,916784.2,6921042.0,9779,ME57
723333249.0,A630,423043.94,6426845.0,422479.7,6426786.5,383,BX33
723333249.0,A630,423039.16,6426853.5,422479.5,6426797.0,330,BX33
733131022.0,A62,572812.75,6286110.0,573149.25,6285295.5,1053,TO31
733131022.0,A62,572839.75,6286118.0,573168.75,6285301.5,1057,TO31
237676540.0,A150,559383.0,6929517.0,559082.7,6929701.0,1291,RO76
237676540.0,A150,559373.0,6929510.0,559074.75,6929696.0,1279,RO76
415757582.0,A31,930874.25,6913297.0,931546.8,6916121.0,2059,ME57
415757582.0,A31,930900.6,6914291.5,931568.94,6916124.5,1998,ME57
723333063.0,A630,418245.84,6427222.0,418245.84,6427222.0,790,BX33
723333063.0,A630,418249.56,6427235.0,418249.56,6427235.0,790,BX33
237676319.0,N138,555520.5,6917919.5,556329.0,6918511.0,1462,RO76
237676319.0,N138,555522.5,6917911.5,556333.0,6918503.0,1464,RO76
723333122.0,A63,407488.06,6412417.5,405188.0,6410534.5,3084,BX33
415454571.0,A33,940919.0,6840363.0,948729.0,6839172.0,8480,NA54
415454571.0,A33,940917.0,6840376.0,948732.0,6839184.0,8487,NA54
723333122.0,A63,407505.47,6412397.5,405197.75,6410508.5,1434,BX33
931313055.0,A50,895313.0,6245771.5,896303.8,6245844.5,500,MA13
931313106.0,A517,890190.0,6258680.0,890190.0,6258680.0,508,MA13
723333162.0,A630,412495.34,6425798.5,412495.34,6425798.5,438,BX33
723333162.0,A630,412494.03,6425801.0,412494.03,6425801.0,436,BX33
251414437.0,N814,458507.72,6900426.0,459037.7,6901251.0,615,CA14
931313106.0,A7,890385.0,6258442.0,890575.56,6257459.0,530,MA13
931313055.0,A50,896303.8,6245844.5,896303.8,6245844.5,499,MA13
723333281.0,A630,409711.9,6419884.5,409711.9,6419884.5,627,BX33
723333281.0,A630,409715.88,6419885.5,409715.88,6419885.5,528,BX33
931313055.0,A55,888955.0,6254734.0,888158.0,6255320.0,466,MA13
931313055.0,A50,895313.0,6245771.5,895313.0,6245771.5,500,MA13
931313106.0,A51,890563.0,6257972.0,890942.6,6258775.5,460,MA13
415454547.0,A33,931213.0,6843102.0,934351.0,6841210.0,4028,NA54
748787085.0,A20,566489.56,6528310.0,566824.25,6527616.5,1372,LI87
415454547.0,A33,931224.0,6843110.0,934375.0,6841202.0,4049,NA54
723333550.0,A630,416460.53,6415707.0,416460.53,6415707.0,565,BX33
723333550.0,A630,416459.2,6415704.0,416459.2,6415704.0,566,BX33
733131555.0,A62,575698.0,6284274.5,576626.56,6283912.5,953,TO31
733131555.0,A62,575700.0,6284307.0,576643.6,6283930.5,965,TO31
237676540.0,N28,564943.25,6930978.5,564822.3,6932085.0,954,RO76
237676540.0,N28,564930.56,6930977.5,564815.44,6932096.5,971,RO76
931313005.0,A501,907578.3,6247151.5,907578.3,6247151.5,501,MA13
931313055.0,A55,888955.0,6254734.0,888955.0,6254734.0,502,MA13
733131149.0,N124,566738.06,6280029.5,565808.1,6279947.5,779,TO31
524444109.0,N844,350784.56,6687708.0,350784.56,6687708.0,449,NA44
733131149.0,N124,566737.0,6280038.0,565817.2,6279966.0,775,TO31
931313055.0,A50,895313.0,6245771.5,895313.0,6245771.5,500,MA13
931313071.0,A551,885675.0,6259081.0,885675.0,6259081.0,505,MA13
723333192.0,A630,414355.84,6416625.0,415961.1,6415981.0,854,BX33
723333192.0,A630,414355.6,6416628.5,415312.4,6416399.5,708,BX33
733131555.0,A62,574714.06,6284304.5,575700.0,6284307.0,1164,TO31
723333065.0,N230,421754.22,6419426.0,422504.88,6420039.0,800,BX33
723333065.0,N230,421766.97,6419422.5,422514.56,6420030.0,799,BX33
931313055.0,A507,896873.44,6247927.0,896873.44,6247927.0,631,MA13
733131555.0,A62,574718.4,6284285.0,575698.0,6284274.5,1156,TO31
237676540.0,N28,564996.0,6928900.0,565437.56,6929966.5,865,RO76
931313005.0,A501,907578.3,6247151.5,907578.3,6247151.5,501,MA13
237676540.0,N28,564985.0,6928953.0,565427.5,6929973.0,865,RO76
931313071.0,A55,888158.0,6255320.0,887754.0,6256231.0,500,MA13
524444162.0,N844,350209.28,6688504.5,350209.28,6688504.5,181,NA44
524444162.0,N844,350202.6,6688497.5,350202.6,6688497.5,290,NA44
415757474.0,A31,931245.9,6911336.0,930874.25,6913297.0,2792,ME57
733131555.0,A62,573747.3,6284537.0,574718.4,6284285.0,900,TO31
415757474.0,A31,931273.8,6911336.5,930900.6,6914291.5,2793,ME57
733131555.0,A62,573756.3,6284560.5,574714.06,6284304.5,898,TO31
723333167.0,N230,423273.97,6420643.5,423407.3,6421573.5,1155,BX33
723333167.0,N230,423284.94,6420635.5,423420.25,6421577.0,1160,BX33
931313071.0,A55,888158.0,6255320.0,888158.0,6255320.0,410,MA13
524444172.0,N844,361174.47,6691485.5,361174.47,6691485.5,452,NA44
524444172.0,N844,361156.38,6691475.0,361156.38,6691475.0,671,NA44
415757212.0,A31,927714.8,6885407.0,926923.75,6891265.0,5106,ME57
415757212.0,A31,927740.56,6885411.5,926946.75,6891277.0,5101,ME57
733131555.0,A62,573149.25,6285295.5,573747.3,6284537.0,911,TO31
733131555.0,A62,573168.75,6285301.5,573756.3,6284560.5,904,TO31
931313005.0,A501,908176.9,6247942.0,908176.9,6247942.0,17,MA13
931313005.0,A50,908761.44,6246264.5,908761.44,6246264.5,4,MA13
931313106.0,A51,891531.6,6259567.0,891531.6,6259567.0,433,MA13
931313071.0,A55,887070.0,6256909.0,886395.0,6257631.0,499,MA13
251414118.0,N814,453326.84,6904811.0,452324.44,6904883.5,688,CA14
931313071.0,A7,888626.3,6259205.0,888626.3,6259205.0,497,MA13
251414118.0,N814,453328.44,6904829.0,452323.66,6904901.0,690,CA14
733131555.0,A61,578311.44,6278340.0,578565.8,6276391.5,2198,TO31
723333039.0,A631,420611.4,6417667.0,420611.4,6417667.0,490,BX33
931313106.0,A7,890367.06,6258436.0,890544.1,6257460.0,496,MA13
748787085.0,A20,567591.9,6533559.0,567213.5,6532419.0,1122,LI87
931313005.0,A502,909064.0,6246110.0,910033.0,6246165.0,510,MA13
931313106.0,A51,891531.6,6259567.0,891531.6,6259567.0,502,MA13
931313071.0,A7,888626.3,6259205.0,889599.1,6259018.5,505,MA13
733131555.0,A61,577241.75,6282079.0,577241.75,6282079.0,698,TO31
733131555.0,A61,577216.8,6282074.5,577216.8,6282074.5,699,TO31
931313106.0,A7,890367.06,6258436.0,890643.2,6256469.0,2338,MA13
748787085.0,A20,567595.56,6534386.5,567591.9,6533559.0,1220,LI87
931313071.0,A552,886992.0,6258788.0,886992.0,6258788.0,507,MA13
237676503.0,A151,556457.94,6938906.0,557935.7,6940270.5,1440,RO76
237676503.0,A151,556451.1,6938916.0,557920.44,6940276.0,1438,RO76
931313005.0,A502,909064.0,6246110.0,910033.0,6246165.0,512,MA13
931313106.0,A51,890942.6,6258775.5,891531.6,6259567.0,503,MA13
931313055.0,A507,897010.06,6245971.5,897010.06,6245971.5,129,MA13
931313071.0,A7,889599.1,6259018.5,889599.1,6259018.5,498,MA13
733131555.0,A61,577106.1,6283075.5,577216.8,6282074.5,599,TO31
723333318.0,A630,411230.72,6417593.5,412498.6,6416469.0,710,BX33
733131555.0,A61,577130.6,6283079.5,577241.75,6282079.0,599,TO31
723333318.0,A630,411234.62,6417595.0,412498.3,6416473.5,705,BX33
415454328.0,A33,934351.0,6841210.0,935922.0,6840105.0,2574,NA54
415454328.0,A33,934375.0,6841202.0,935926.0,6840117.0,2096,NA54
237676541.0,A150,553938.44,6936805.0,553250.25,6937543.0,951,RO76
237676541.0,A150,553919.56,6936799.0,553236.06,6937527.5,948,RO76
931313106.0,A51,890942.6,6258775.5,890942.6,6258775.5,497,MA13
723333550.0,A62,418863.3,6415162.5,418863.3,6415162.5,1050,BX33
748787085.0,A20,566250.3,6529093.5,566489.56,6528310.0,1121,LI87
931313071.0,A7,889599.1,6259018.5,890385.0,6258442.0,500,MA13
748787085.0,A20,566265.8,6529090.0,566508.94,6528314.0,1117,LI87
733131555.0,A62,576626.56,6283912.5,576626.56,6283912.5,135,TO31
723333550.0,A62,418888.9,6415116.0,419272.78,6413551.5,674,BX33
723333550.0,A62,418863.3,6415162.5,419268.72,6413549.0,674,BX33
723333550.0,A62,418888.9,6415116.0,418888.9,6415116.0,1050,BX33
733131555.0,A62,576643.6,6283930.5,576643.6,6283930.5,137,TO31
237676540.0,N31,564326.0,6927981.0,565281.2,6928035.5,1013,RO76
931313071.0,A55,886395.0,6257631.0,886395.0,6257631.0,497,MA13
237676540.0,N31,564357.5,6927860.0,565287.4,6928027.0,1013,RO76
931313005.0,A501,906833.56,6246549.0,906833.56,6246549.0,500,MA13
931313015.0,A51,893275.94,6261691.5,893275.94,6261691.5,687,MA13
524444020.0,N844,352848.34,6684539.5,352053.62,6685136.5,836,NA44
524444020.0,N844,352071.25,6685144.0,352071.25,6685144.0,743,NA44
931313005.0,A50,906910.4,6246586.0,906910.4,6246586.0,429,MA13
931313055.0,A55,890515.0,6251715.0,890195.0,6252649.0,502,MA13
931313055.0,A7,891431.1,6254781.5,891431.1,6254781.5,590,MA13
723333080.0,A62,419568.0,6412608.0,419568.0,6412608.0,606,BX33
723333080.0,A62,419557.0,6412605.0,419557.0,6412605.0,606,BX33
723333550.0,A62,419272.78,6413551.5,419568.0,6412608.0,704,BX33
723333550.0,A62,419268.72,6413549.0,419557.0,6412605.0,704,BX33
931313055.0,A7,891357.5,6255774.0,891357.5,6255774.0,498,MA13
237676157.0,A150,558408.3,6930437.0,557785.2,6931212.5,910,RO76
237676157.0,A150,558438.3,6930448.0,557810.4,6931226.0,915,RO76
733131555.0,A621,572394.0,6281800.0,571463.6,6281905.0,665,TO31
733131555.0,A621,572394.0,6281800.0,571470.44,6281894.0,659,TO31
931313005.0,A50,906910.4,6246586.0,907849.3,6246668.0,534,MA13
931313055.0,A55,890515.0,6251715.0,890515.0,6251715.0,501,MA13
931313055.0,A7,891431.1,6254781.5,891633.44,6253799.5,531,MA13
723333192.0,A63,412424.34,6415734.5,410668.1,6414789.0,1247,BX33
723333192.0,A63,412408.56,6415755.5,410653.56,6414812.0,1697,BX33
733131069.0,A621,570544.94,6281580.5,570544.94,6281580.5,256,TO31
733131069.0,A621,570546.8,6281568.0,570546.8,6281568.0,670,TO31
733131069.0,A621,570544.94,6281580.5,570544.94,6281580.5,168,TO31
237676322.0,N338,557699.94,6923134.5,557105.9,6923913.5,868,RO76
931313005.0,A50,907849.3,6246668.0,907849.3,6246668.0,481,MA13
237676322.0,N338,557700.25,6923134.0,557105.9,6923913.5,883,RO76
931313019.0,A51,892379.94,6261248.0,892379.94,6261248.0,199,MA13
733131433.0,A64,568762.5,6270409.5,569924.06,6272031.5,1353,TO31
733131433.0,A64,568778.44,6270395.0,569944.8,6272018.0,1354,TO31
237676484.0,A13,558761.44,6917696.0,553853.6,6917303.0,5492,RO76
931313055.0,A55,890349.0,6253544.0,890349.0,6253544.0,499,MA13
237676484.0,A13,557740.75,6917798.5,555830.7,6917327.5,2466,RO76
733131555.0,A620,571106.5,6279792.0,570544.9,6278999.5,695,TO31
733131069.0,A621,570544.94,6281580.5,569695.9,6282012.0,450,TO31
237676555.0,A28,572478.75,6939662.0,569985.7,6938129.5,3595,RO76
733131555.0,A620,571109.1,6279788.0,570533.9,6279000.5,724,TO31
733131069.0,A621,570546.8,6281568.0,569683.8,6282000.0,484,TO31
237676555.0,A28,572481.0,6939681.5,569981.6,6938140.0,3604,RO76
931313055.0,A7,890667.1,6256473.0,890667.1,6256473.0,498,MA13
931313005.0,A50,904961.0,6246138.0,904961.0,6246138.0,500,MA13
931313005.0,A50,907849.3,6246668.0,908761.44,6246264.5,490,MA13
931313071.0,A51,891670.75,6260549.0,892379.94,6261248.0,506,MA13
237676617.0,N28,565083.44,6933241.0,565083.44,6933241.0,846,RO76
237676617.0,N28,565081.3,6933260.5,565081.3,6933260.5,851,RO76
723333550.0,A630,416459.2,6415704.0,417978.03,6415158.5,720,BX33
232727580.0,A13,548967.94,6918020.0,546228.94,6919232.0,2997,RO76
931313055.0,A55,890195.0,6252649.0,890195.0,6252649.0,501,MA13
723333550.0,A630,416460.53,6415707.0,417978.8,6415161.5,715,BX33
232727580.0,A13,548955.5,6918006.5,546222.4,6919219.5,2999,RO76
733131555.0,A61,578336.25,6278342.0,578592.06,6276379.0,2197,TO31
733131555.0,A620,570736.7,6278043.5,570736.7,6278043.5,852,TO31
733131555.0,A624,569156.94,6280499.0,568208.2,6280216.5,520,TO31
931313055.0,A7,890667.1,6256473.0,891357.5,6255774.0,496,MA13
723333281.0,A630,410389.7,6423624.0,409896.88,6422767.0,690,BX33
723333281.0,A630,410392.3,6423622.0,409899.25,6422765.0,700,BX33
931313005.0,A50,904961.0,6246138.0,905939.0,6246350.5,500,MA13
733131555.0,A620,570741.7,6278044.5,570741.7,6278044.5,851,TO31
733131555.0,A624,569155.75,6280522.0,568211.4,6280230.5,505,TO31
723333192.0,A630,414355.6,6416628.5,414355.6,6416628.5,749,BX33
723333192.0,A630,414355.84,6416625.0,414355.84,6416625.0,730,BX33
931313055.0,A7,892142.25,6252973.5,892765.44,6252185.5,1502,MA13
931313055.0,A50,903969.44,6246199.0,903969.44,6246199.0,499,MA13
237676540.0,N28,562995.0,6928148.5,562995.0,6928148.5,554,RO76
237676540.0,N28,562995.94,6928131.0,562995.94,6928131.0,581,RO76
931313015.0,A51,894020.06,6263350.5,894016.7,6264361.5,516,MA13
237676705.0,A13,561821.9,6915283.5,560348.5,6916646.5,2983,RO76
931313015.0,A51,893958.8,6262375.5,894020.06,6263350.5,797,MA13
723333192.0,A630,415312.4,6416399.5,416460.53,6415707.0,928,BX33
723333550.0,A630,415961.1,6415981.0,416459.2,6415704.0,785,BX33
237676682.0,A13,562430.8,6914513.0,561125.06,6915962.5,2472,RO76
733131555.0,A620,572623.6,6284050.0,572623.6,6284050.0,697,TO31
748787085.0,A20,567158.25,6531179.0,566250.3,6529093.5,1641,LI87
748787085.0,A20,567175.4,6531167.5,566265.8,6529090.0,1648,LI87
931313055.0,A50,903969.44,6246199.0,904961.0,6246138.0,508,MA13
733131555.0,A620,572626.2,6284049.5,572626.2,6284049.5,697,TO31
931313015.0,A51,893275.94,6261691.5,893958.8,6262375.5,859,MA13
931313055.0,A55,888943.0,6254723.0,888943.0,6254723.0,498,MA13
733131069.0,A621,569695.9,6282012.0,569695.9,6282012.0,513,TO31
733131069.0,A621,569683.8,6282000.0,569683.8,6282000.0,518,TO31
931313055.0,A7,891633.44,6253799.5,891633.44,6253799.5,502,MA13
733131555.0,A620,571124.7,6277142.0,571528.94,6276214.5,595,TO31
237676540.0,N28,562995.0,6928148.5,564164.2,6928101.5,679,RO76
733131555.0,A620,571128.7,6277144.5,571532.25,6276215.5,596,TO31
237676540.0,N28,562995.94,6928131.0,564164.56,6928092.0,635,RO76
733131555.0,A620,572423.8,6282116.5,572352.1,6281207.5,654,TO31
931313055.0,A50,902995.75,6246431.0,902995.75,6246431.0,499,MA13
931313055.0,A55,889823.0,6254400.0,888943.0,6254723.0,487,MA13
251414437.0,N814,459222.0,6901568.0,458580.3,6902285.0,1467,CA14
524444009.0,N844,361673.2,6689826.0,361101.12,6689000.5,600,NA44
524444009.0,N844,361684.6,6689815.5,361114.06,6688991.5,601,NA44
251414437.0,N814,459210.0,6901568.0,458568.25,6902272.0,1456,CA14
931313005.0,A50,905939.0,6246350.5,906910.4,6246586.0,912,MA13
931313055.0,A7,891633.44,6253799.5,892142.25,6252973.5,562,MA13
733131555.0,A621,572394.0,6281800.0,572394.0,6281800.0,412,TO31
237676540.0,N28,564164.56,6928092.0,564996.0,6928900.0,1080,RO76
733131555.0,A621,572394.0,6281800.0,572394.0,6281800.0,417,TO31
237676540.0,N28,564164.2,6928101.5,564985.0,6928953.0,1105,RO76
733131555.0,A621,572394.0,6281800.0,572394.0,6281800.0,525,TO31
415454547.0,A330,934746.0,6845010.0,934536.0,6841123.0,4083,NA54
415454547.0,A330,934755.0,6845008.0,934549.0,6841127.0,4074,NA54
931313055.0,A50,902995.75,6246431.0,903969.44,6246199.0,486,MA13
824242218.0,N88,809187.5,6479998.0,808294.2,6479622.5,885,ST42
723333075.0,A630,414051.8,6427035.0,413226.44,6426336.5,794,BX33
723333075.0,A630,414042.7,6427039.0,413225.16,6426338.0,794,BX33
931313055.0,A7,892891.9,6251195.5,893009.7,6250198.5,504,MA13
824242218.0,N88,809185.06,6480006.0,808293.5,6479631.5,882,ST42
836363126.0,A75,711505.2,6509862.5,715011.4,6503197.0,7957,DIRMC
836363126.0,A75,711513.75,6509851.5,715024.56,6503196.0,7955,DIRMC
733131555.0,A620,571969.0,6280289.0,571109.1,6279788.0,878,TO31
931313015.0,A51,894544.0,6265203.5,894837.56,6266130.5,498,MA13
415454312.0,A31,927914.7,6874605.5,927644.0,6877577.0,11065,ME57
733131555.0,A620,571953.56,6280311.5,571106.5,6279792.0,878,TO31
524444162.0,N844,350209.28,6688504.5,350048.25,6689451.5,778,NA44
524444162.0,N844,350202.6,6688497.5,350036.16,6689455.5,839,NA44
237676322.0,N338,558049.6,6925669.0,558643.1,6926645.5,1166,RO76
237676322.0,N338,558062.6,6925662.5,558660.44,6926639.0,1168,RO76
723333281.0,A630,409896.88,6422767.0,409896.88,6422767.0,578,BX33
723333318.0,A630,409939.0,6418927.0,410548.2,6418349.5,580,BX33
723333318.0,A630,409958.06,6418940.5,410550.84,6418351.5,578,BX33
931313055.0,A7,893009.7,6250198.5,893009.7,6250198.5,500,MA13
723333281.0,A630,409899.25,6422765.0,409543.16,6421874.5,732,BX33
415757352.0,A31,926910.4,6892245.0,930704.56,6895192.0,3978,ME57
733131555.0,A620,571532.25,6276215.5,572251.94,6275670.5,552,TO31
415757487.0,A31,927593.4,6892969.5,930723.56,6895193.0,3968,ME57
733131555.0,A620,571528.94,6276214.5,572258.44,6275650.5,568,TO31
237676540.0,N28,564996.0,6928900.0,564996.0,6928900.0,1151,RO76
415454328.0,A330,934536.0,6841123.0,934109.0,6835327.0,5935,NA54
415454328.0,A330,934549.0,6841127.0,934120.0,6835328.0,5938,NA54
237676540.0,N28,564985.0,6928953.0,564985.0,6928953.0,1109,RO76
723333318.0,A630,410550.84,6418351.5,410550.84,6418351.5,667,BX33
723333318.0,A630,410548.2,6418349.5,410548.2,6418349.5,667,BX33
931313055.0,A50,902022.5,6246665.0,902022.5,6246665.0,499,MA13
931313055.0,A55,891871.0,6249264.0,891871.0,6249264.0,500,MA13
733131555.0,A620,573220.9,6275857.5,574071.9,6276419.5,640,TO31
913434259.0,A750,761264.25,6281864.5,757146.94,6281296.5,4243,DIRMC
237676497.0,N338,558253.3,6922313.0,557700.25,6923134.0,871,RO76
733131555.0,A620,573217.8,6275883.5,574066.4,6276431.5,635,TO31
913434259.0,A750,761264.8,6281853.0,757148.8,6281283.0,4242,DIRMC
237676497.0,N338,558253.06,6922313.5,557699.94,6923134.5,889,RO76
931313015.0,A51,894016.7,6264361.5,894544.0,6265203.5,506,MA13
824242237.0,N88,814249.7,6483524.0,813360.3,6483079.5,1547,ST42
824242237.0,N88,814244.56,6483536.5,813354.9,6483090.0,1538,ST42
931313055.0,A7,892891.9,6251195.5,892891.9,6251195.5,500,MA13
931313055.0,A55,891871.0,6249264.0,891871.0,6249264.0,392,MA13
931313055.0,A50,902022.5,6246665.0,902995.75,6246431.0,500,MA13
415757582.0,A30,930761.06,6914164.5,924799.3,6917260.5,7912,ME57
415757582.0,A30,930866.75,6914169.0,924807.0,6917280.5,8006,ME57
733131555.0,A620,574945.8,6276091.0,575904.6,6276051.5,546,TO31
237676541.0,A151,554496.0,6935774.0,555184.6,6937394.0,2256,RO76
733131555.0,A620,574943.4,6276087.0,575906.44,6276048.5,560,TO31
237676541.0,A151,554498.3,6936658.0,555178.6,6937404.0,1311,RO76
733131555.0,A61,578299.25,6274458.0,579032.1,6272645.5,1848,TO31
237676728.0,A150,556426.2,6932611.0,555062.8,6934027.5,1688,RO76
733131555.0,A620,577973.56,6274403.5,578425.5,6273509.0,1177,TO31
237676410.0,A150,556442.9,6932625.5,555086.06,6934028.0,1668,RO76
723333075.0,A630,414051.8,6427035.0,414051.8,6427035.0,715,BX33
723333075.0,A630,414042.7,6427039.0,414042.7,6427039.0,719,BX33
733131555.0,A620,577992.94,6274403.5,578484.0,6273555.0,1178,TO31
733131555.0,A61,578270.56,6274456.0,579007.25,6272629.5,1850,TO31
931313055.0,A50,901051.4,6246899.5,901051.4,6246899.5,502,MA13
733131069.0,A621,569683.8,6282000.0,569683.8,6282000.0,438,TO31
251414438.0,A84,443871.3,6899846.5,446605.5,6900890.5,3071,CA14
931313055.0,A55,891637.0,6250172.0,891637.0,6250172.0,504,MA13
723333013.0,N230,423318.75,6422603.5,423183.12,6423583.5,726,BX33
415757666.0,A31,927869.9,6921320.0,925659.1,6921814.5,3207,ME57
415757666.0,A31,927872.2,6921302.5,925640.9,6921812.5,3207,ME57
251414438.0,A84,443878.2,6899830.0,446610.28,6900874.0,3069,CA14
733131555.0,A61,578565.8,6276391.5,578270.56,6274456.0,1800,TO31
237676540.0,N31,563762.0,6928164.0,564357.5,6927860.0,1053,RO76
237676540.0,N31,563725.9,6928190.0,564326.0,6927981.0,1004,RO76
723333162.0,A630,410798.47,6424325.0,410389.7,6423624.0,1053,BX33
733131555.0,A61,578592.06,6276379.0,578299.25,6274458.0,1797,TO31
931313055.0,A50,901051.4,6246899.5,903969.44,6246199.0,3006,MA13
733131555.0,A61,577216.8,6282074.5,577621.25,6280137.5,1300,TO31
524444162.0,N844,350446.22,6691359.0,350446.22,6691359.0,712,NA44
415757269.0,A31,931546.8,6916121.0,931542.25,6919098.5,3102,ME57
733131555.0,A61,577241.75,6282079.0,577652.0,6280137.5,1299,TO31
733131555.0,A624,568208.2,6280216.5,568208.2,6280216.5,796,TO31
748787085.0,A20,567611.94,6534378.5,567605.2,6533549.5,1230,LI87
415757269.0,A31,931568.94,6916124.5,931566.7,6919099.0,3096,ME57
733131555.0,N124,567272.75,6280268.0,567272.75,6280268.0,800,TO31
723333075.0,A630,416778.5,6427454.0,415787.34,6427594.0,674,BX33
723333075.0,A630,416780.2,6427467.5,415789.1,6427608.0,673,BX33
723333063.0,A630,418245.84,6427222.0,416778.5,6427454.0,820,BX33
723333063.0,A630,418249.56,6427235.0,416780.2,6427467.5,747,BX33
251414118.0,N814,456753.12,6904598.0,456047.1,6905275.0,1828,CA14
931313055.0,A55,891002.0,6250929.0,890515.0,6251715.0,501,MA13
931313055.0,A50,900066.7,6247073.0,900066.7,6247073.0,499,MA13
415757663.0,A31,931559.7,6908428.5,931273.8,6911336.5,4483,ME57
415757672.0,A31,929874.44,6921116.5,927872.2,6921302.5,4484,ME57
733131555.0,A624,570011.25,6280054.5,570011.25,6280054.5,635,TO31
733131555.0,A624,569998.4,6280040.0,569998.4,6280040.0,618,TO31
723333318.0,A63,412869.28,6416508.0,412869.28,6416508.0,1560,BX33
237676212.0,N31,565281.2,6928035.5,566609.25,6928540.0,1602,RO76
723333318.0,A630,412498.3,6416473.5,413525.12,6416558.5,907,BX33
723333013.0,N230,423305.56,6422600.0,423305.56,6422600.0,602,BX33
931313055.0,A55,891002.0,6250929.0,891002.0,6250929.0,497,MA13
836363113.0,A711,710816.0,6519516.0,714899.3,6520413.5,5012,DIRMC
836363113.0,A711,710805.0,6519508.0,714910.5,6520397.0,5035,DIRMC
931313055.0,A50,900066.7,6247073.0,901051.4,6246899.5,501,MA13
415757463.0,A31,932313.6,6898550.0,931384.4,6904487.0,5662,ME57
733131555.0,A624,571112.0,6279802.0,571112.0,6279802.0,433,TO31
931313015.0,A51,894837.56,6266130.5,894837.56,6266130.5,499,MA13
415757463.0,A31,932345.9,6898548.5,931408.6,6904488.5,5661,ME57
733131555.0,A624,571192.44,6279836.5,571192.44,6279836.5,390,TO31
237676212.0,N31,565287.4,6928027.0,566609.25,6928540.0,1607,RO76
